{
  "Products" : {
    "transaction" : "Products",
    "sampleCount" : 20,
    "errorCount" : 20,
    "errorPct" : 100.0,
    "meanResTime" : 297.3499999999999,
    "medianResTime" : 286.5,
    "minResTime" : 146.0,
    "maxResTime" : 454.0,
    "pct1ResTime" : 445.0,
    "pct2ResTime" : 453.6,
    "pct3ResTime" : 454.0,
    "throughput" : 2.997152704930316,
    "receivedKBytesPerSec" : 652.5304866626705,
    "sentKBytesPerSec" : 1.2527161696388431
  },
  "Products-1" : {
    "transaction" : "Products-1",
    "sampleCount" : 20,
    "errorCount" : 0,
    "errorPct" : 0.0,
    "meanResTime" : 92.8,
    "medianResTime" : 81.5,
    "minResTime" : 36.0,
    "maxResTime" : 182.0,
    "pct1ResTime" : 173.5,
    "pct2ResTime" : 181.6,
    "pct3ResTime" : 182.0,
    "throughput" : 3.0873726458783572,
    "receivedKBytesPerSec" : 1.4170558042605743,
    "sentKBytesPerSec" : 0.43114676597715346
  },
  "Total" : {
    "transaction" : "Total",
    "sampleCount" : 90,
    "errorCount" : 25,
    "errorPct" : 27.777779,
    "meanResTime" : 228.1666666666667,
    "medianResTime" : 140.0,
    "minResTime" : 36.0,
    "maxResTime" : 1442.0,
    "pct1ResTime" : 429.6000000000001,
    "pct2ResTime" : 1419.5,
    "pct3ResTime" : 1442.0,
    "throughput" : 11.126220793670416,
    "receivedKBytesPerSec" : 1387.8729022437878,
    "sentKBytesPerSec" : 2.0668500432686363
  },
  "Products-2" : {
    "transaction" : "Products-2",
    "sampleCount" : 20,
    "errorCount" : 0,
    "errorPct" : 0.0,
    "meanResTime" : 141.05,
    "medianResTime" : 140.0,
    "minResTime" : 73.0,
    "maxResTime" : 196.0,
    "pct1ResTime" : 193.8,
    "pct2ResTime" : 195.9,
    "pct3ResTime" : 196.0,
    "throughput" : 3.0916679548616477,
    "receivedKBytesPerSec" : 669.9137231411346,
    "sentKBytesPerSec" : 0.42872739217808004
  },
  "Products-0" : {
    "transaction" : "Products-0",
    "sampleCount" : 20,
    "errorCount" : 0,
    "errorPct" : 0.0,
    "meanResTime" : 63.25,
    "medianResTime" : 68.0,
    "minResTime" : 36.0,
    "maxResTime" : 100.0,
    "pct1ResTime" : 93.9,
    "pct2ResTime" : 99.69999999999999,
    "pct3ResTime" : 100.0,
    "throughput" : 3.068425897514575,
    "receivedKBytesPerSec" : 1.7619476833384475,
    "sentKBytesPerSec" : 0.42850088217244553
  },
  "Testing" : {
    "transaction" : "Testing",
    "sampleCount" : 10,
    "errorCount" : 5,
    "errorPct" : 50.0,
    "meanResTime" : 864.5999999999998,
    "medianResTime" : 868.0,
    "minResTime" : 249.0,
    "maxResTime" : 1442.0,
    "pct1ResTime" : 1441.9,
    "pct2ResTime" : 1442.0,
    "pct3ResTime" : 1442.0,
    "throughput" : 1.3410218586562963,
    "receivedKBytesPerSec" : 337.64677903312327,
    "sentKBytesPerSec" : 0.0
  }
}